31945-T17	0	None	{'id': 'TS2', 'meaning': 'TODO', 'icon': 'clock-o', 'name': 'Incomplete', 'requires_comment': False, 'slug': 'TODO'}
31945-CT435	0	None	{'id': 'TS2', 'meaning': 'TODO', 'icon': 'clock-o', 'name': 'Incomplete', 'requires_comment': False, 'slug': 'TODO'}
31945-T20	0	None	{'id': 'TS2', 'meaning': 'TODO', 'icon': 'clock-o', 'name': 'Incomplete', 'requires_comment': False, 'slug': 'TODO'}
31945-T21	0	None	{'id': 'TS2', 'meaning': 'TODO', 'icon': 'clock-o', 'name': 'Incomplete', 'requires_comment': False, 'slug': 'TODO'}
31945-T19	0	None	{'id': 'TS2', 'meaning': 'TODO', 'icon': 'clock-o', 'name': 'Incomplete', 'requires_comment': False, 'slug': 'TODO'}
31945-T2	0	None	{'id': 'TS1', 'meaning': 'DONE', 'icon': 'check', 'name': 'Complete', 'requires_comment': False, 'slug': 'DONE'}
31945-T35	0	None	{'id': 'TS2', 'meaning': 'TODO', 'icon': 'clock-o', 'name': 'Incomplete', 'requires_comment': False, 'slug': 'TODO'}
31945-T49	0	None	{'id': 'TS2', 'meaning': 'TODO', 'icon': 'clock-o', 'name': 'Incomplete', 'requires_comment': False, 'slug': 'TODO'}
31945-T29	0	None	{'id': 'TS2', 'meaning': 'TODO', 'icon': 'clock-o', 'name': 'Incomplete', 'requires_comment': False, 'slug': 'TODO'}
31945-T38	0	None	{'id': 'TS2', 'meaning': 'TODO', 'icon': 'clock-o', 'name': 'Incomplete', 'requires_comment': False, 'slug': 'TODO'}
31945-T42	0	None	{'id': 'TS2', 'meaning': 'TODO', 'icon': 'clock-o', 'name': 'Incomplete', 'requires_comment': False, 'slug': 'TODO'}
31945-T36	0	None	{'id': 'TS2', 'meaning': 'TODO', 'icon': 'clock-o', 'name': 'Incomplete', 'requires_comment': False, 'slug': 'TODO'}
31945-T37	0	None	{'id': 'TS2', 'meaning': 'TODO', 'icon': 'clock-o', 'name': 'Incomplete', 'requires_comment': False, 'slug': 'TODO'}
31945-T50	0	None	{'id': 'TS2', 'meaning': 'TODO', 'icon': 'clock-o', 'name': 'Incomplete', 'requires_comment': False, 'slug': 'TODO'}
31945-T281	0	None	{'id': 'TS2', 'meaning': 'TODO', 'icon': 'clock-o', 'name': 'Incomplete', 'requires_comment': False, 'slug': 'TODO'}
31945-T295	0	None	{'id': 'TS2', 'meaning': 'TODO', 'icon': 'clock-o', 'name': 'Incomplete', 'requires_comment': False, 'slug': 'TODO'}
31945-T284	0	None	{'id': 'TS2', 'meaning': 'TODO', 'icon': 'clock-o', 'name': 'Incomplete', 'requires_comment': False, 'slug': 'TODO'}
31945-T279	0	None	{'id': 'TS2', 'meaning': 'TODO', 'icon': 'clock-o', 'name': 'Incomplete', 'requires_comment': False, 'slug': 'TODO'}
31945-T257	0	None	{'id': 'TS2', 'meaning': 'TODO', 'icon': 'clock-o', 'name': 'Incomplete', 'requires_comment': False, 'slug': 'TODO'}
31945-T536	0	None	{'id': 'TS2', 'meaning': 'TODO', 'icon': 'clock-o', 'name': 'Incomplete', 'requires_comment': False, 'slug': 'TODO'}
31945-T742	1	None	{'id': 'TS2', 'meaning': 'TODO', 'icon': 'clock-o', 'name': 'Incomplete', 'requires_comment': False, 'slug': 'TODO'}
31945-T558	0	None	{'id': 'TS2', 'meaning': 'TODO', 'icon': 'clock-o', 'name': 'Incomplete', 'requires_comment': False, 'slug': 'TODO'}
31945-T544	0	None	{'id': 'TS2', 'meaning': 'TODO', 'icon': 'clock-o', 'name': 'Incomplete', 'requires_comment': False, 'slug': 'TODO'}
31945-T573	0	None	{'id': 'TS2', 'meaning': 'TODO', 'icon': 'clock-o', 'name': 'Incomplete', 'requires_comment': False, 'slug': 'TODO'}
31945-T604	0	None	{'id': 'TS2', 'meaning': 'TODO', 'icon': 'clock-o', 'name': 'Incomplete', 'requires_comment': False, 'slug': 'TODO'}
31945-T66	0	None	{'id': 'TS2', 'meaning': 'TODO', 'icon': 'clock-o', 'name': 'Incomplete', 'requires_comment': False, 'slug': 'TODO'}
31945-T166	0	None	{'id': 'TS2', 'meaning': 'TODO', 'icon': 'clock-o', 'name': 'Incomplete', 'requires_comment': False, 'slug': 'TODO'}
31945-T60	0	None	{'id': 'TS2', 'meaning': 'TODO', 'icon': 'clock-o', 'name': 'Incomplete', 'requires_comment': False, 'slug': 'TODO'}
31945-T178	0	None	{'id': 'TS2', 'meaning': 'TODO', 'icon': 'clock-o', 'name': 'Incomplete', 'requires_comment': False, 'slug': 'TODO'}
31945-T214	0	None	{'id': 'TS2', 'meaning': 'TODO', 'icon': 'clock-o', 'name': 'Incomplete', 'requires_comment': False, 'slug': 'TODO'}
31945-T59	0	None	{'id': 'TS2', 'meaning': 'TODO', 'icon': 'clock-o', 'name': 'Incomplete', 'requires_comment': False, 'slug': 'TODO'}
31945-T76	0	None	{'id': 'TS2', 'meaning': 'TODO', 'icon': 'clock-o', 'name': 'Incomplete', 'requires_comment': False, 'slug': 'TODO'}
31945-T4474	1	None	{'id': 'TS2', 'meaning': 'TODO', 'icon': 'clock-o', 'name': 'Incomplete', 'requires_comment': False, 'slug': 'TODO'}
31945-T156	0	None	{'id': 'TS2', 'meaning': 'TODO', 'icon': 'clock-o', 'name': 'Incomplete', 'requires_comment': False, 'slug': 'TODO'}
31945-T70	0	None	{'id': 'TS2', 'meaning': 'TODO', 'icon': 'clock-o', 'name': 'Incomplete', 'requires_comment': False, 'slug': 'TODO'}
31945-T1365	0	None	{'id': 'TS2', 'meaning': 'TODO', 'icon': 'clock-o', 'name': 'Incomplete', 'requires_comment': False, 'slug': 'TODO'}
31945-T2468	1	None	{'id': 'TS2', 'meaning': 'TODO', 'icon': 'clock-o', 'name': 'Incomplete', 'requires_comment': False, 'slug': 'TODO'}
31945-T2256	1	None	{'id': 'TS2', 'meaning': 'TODO', 'icon': 'clock-o', 'name': 'Incomplete', 'requires_comment': False, 'slug': 'TODO'}
31945-T4462	1	None	{'id': 'TS2', 'meaning': 'TODO', 'icon': 'clock-o', 'name': 'Incomplete', 'requires_comment': False, 'slug': 'TODO'}
31945-T4466	1	None	{'id': 'TS2', 'meaning': 'TODO', 'icon': 'clock-o', 'name': 'Incomplete', 'requires_comment': False, 'slug': 'TODO'}
31945-T2602	0	None	{'id': 'TS2', 'meaning': 'TODO', 'icon': 'clock-o', 'name': 'Incomplete', 'requires_comment': False, 'slug': 'TODO'}
31945-T2269	0	None	{'id': 'TS2', 'meaning': 'TODO', 'icon': 'clock-o', 'name': 'Incomplete', 'requires_comment': False, 'slug': 'TODO'}
31945-T754	0	None	{'id': 'TS2', 'meaning': 'TODO', 'icon': 'clock-o', 'name': 'Incomplete', 'requires_comment': False, 'slug': 'TODO'}
31945-T374	0	None	{'id': 'TS2', 'meaning': 'TODO', 'icon': 'clock-o', 'name': 'Incomplete', 'requires_comment': False, 'slug': 'TODO'}
31945-T4472	0	None	{'id': 'TS2', 'meaning': 'TODO', 'icon': 'clock-o', 'name': 'Incomplete', 'requires_comment': False, 'slug': 'TODO'}
31945-T69	0	None	{'id': 'TS2', 'meaning': 'TODO', 'icon': 'clock-o', 'name': 'Incomplete', 'requires_comment': False, 'slug': 'TODO'}
31945-T151	0	None	{'id': 'TS2', 'meaning': 'TODO', 'icon': 'clock-o', 'name': 'Incomplete', 'requires_comment': False, 'slug': 'TODO'}
31945-T4470	1	None	{'id': 'TS2', 'meaning': 'TODO', 'icon': 'clock-o', 'name': 'Incomplete', 'requires_comment': False, 'slug': 'TODO'}
31945-T4482	1	None	{'id': 'TS2', 'meaning': 'TODO', 'icon': 'clock-o', 'name': 'Incomplete', 'requires_comment': False, 'slug': 'TODO'}
31945-T2170	1	None	{'id': 'TS2', 'meaning': 'TODO', 'icon': 'clock-o', 'name': 'Incomplete', 'requires_comment': False, 'slug': 'TODO'}
31945-T3907	0	None	{'id': 'TS2', 'meaning': 'TODO', 'icon': 'clock-o', 'name': 'Incomplete', 'requires_comment': False, 'slug': 'TODO'}
31945-T3903	0	None	{'id': 'TS2', 'meaning': 'TODO', 'icon': 'clock-o', 'name': 'Incomplete', 'requires_comment': False, 'slug': 'TODO'}
31945-T1918	0	None	{'id': 'TS2', 'meaning': 'TODO', 'icon': 'clock-o', 'name': 'Incomplete', 'requires_comment': False, 'slug': 'TODO'}
31945-T4457	0	None	{'id': 'TS2', 'meaning': 'TODO', 'icon': 'clock-o', 'name': 'Incomplete', 'requires_comment': False, 'slug': 'TODO'}
31945-T2128	1	None	{'id': 'TS2', 'meaning': 'TODO', 'icon': 'clock-o', 'name': 'Incomplete', 'requires_comment': False, 'slug': 'TODO'}
31945-T4746	0	None	{'id': 'TS2', 'meaning': 'TODO', 'icon': 'clock-o', 'name': 'Incomplete', 'requires_comment': False, 'slug': 'TODO'}
31945-T4484	0	None	{'id': 'TS2', 'meaning': 'TODO', 'icon': 'clock-o', 'name': 'Incomplete', 'requires_comment': False, 'slug': 'TODO'}
31945-T3909	0	None	{'id': 'TS2', 'meaning': 'TODO', 'icon': 'clock-o', 'name': 'Incomplete', 'requires_comment': False, 'slug': 'TODO'}
31945-T4473	0	None	{'id': 'TS2', 'meaning': 'TODO', 'icon': 'clock-o', 'name': 'Incomplete', 'requires_comment': False, 'slug': 'TODO'}
31945-T2283	0	None	{'id': 'TS2', 'meaning': 'TODO', 'icon': 'clock-o', 'name': 'Incomplete', 'requires_comment': False, 'slug': 'TODO'}
31945-T4468	0	None	{'id': 'TS2', 'meaning': 'TODO', 'icon': 'clock-o', 'name': 'Incomplete', 'requires_comment': False, 'slug': 'TODO'}
31945-T3908	0	None	{'id': 'TS2', 'meaning': 'TODO', 'icon': 'clock-o', 'name': 'Incomplete', 'requires_comment': False, 'slug': 'TODO'}
31945-T4465	0	None	{'id': 'TS2', 'meaning': 'TODO', 'icon': 'clock-o', 'name': 'Incomplete', 'requires_comment': False, 'slug': 'TODO'}
31945-T1919	0	None	{'id': 'TS2', 'meaning': 'TODO', 'icon': 'clock-o', 'name': 'Incomplete', 'requires_comment': False, 'slug': 'TODO'}
31945-T2599	0	None	{'id': 'TS2', 'meaning': 'TODO', 'icon': 'clock-o', 'name': 'Incomplete', 'requires_comment': False, 'slug': 'TODO'}
31945-T2281	0	None	{'id': 'TS2', 'meaning': 'TODO', 'icon': 'clock-o', 'name': 'Incomplete', 'requires_comment': False, 'slug': 'TODO'}
31945-T1362	0	None	{'id': 'TS2', 'meaning': 'TODO', 'icon': 'clock-o', 'name': 'Incomplete', 'requires_comment': False, 'slug': 'TODO'}
31945-T4458	0	None	{'id': 'TS2', 'meaning': 'TODO', 'icon': 'clock-o', 'name': 'Incomplete', 'requires_comment': False, 'slug': 'TODO'}
31945-T744	0	None	{'id': 'TS2', 'meaning': 'TODO', 'icon': 'clock-o', 'name': 'Incomplete', 'requires_comment': False, 'slug': 'TODO'}
31945-T2139	0	None	{'id': 'TS2', 'meaning': 'TODO', 'icon': 'clock-o', 'name': 'Incomplete', 'requires_comment': False, 'slug': 'TODO'}
31945-T378	0	None	{'id': 'TS2', 'meaning': 'TODO', 'icon': 'clock-o', 'name': 'Incomplete', 'requires_comment': False, 'slug': 'TODO'}
31945-T4476	0	None	{'id': 'TS2', 'meaning': 'TODO', 'icon': 'clock-o', 'name': 'Incomplete', 'requires_comment': False, 'slug': 'TODO'}
31945-T4477	0	None	{'id': 'TS2', 'meaning': 'TODO', 'icon': 'clock-o', 'name': 'Incomplete', 'requires_comment': False, 'slug': 'TODO'}
31945-T2598	0	None	{'id': 'TS2', 'meaning': 'TODO', 'icon': 'clock-o', 'name': 'Incomplete', 'requires_comment': False, 'slug': 'TODO'}
31945-T3906	0	None	{'id': 'TS2', 'meaning': 'TODO', 'icon': 'clock-o', 'name': 'Incomplete', 'requires_comment': False, 'slug': 'TODO'}
31945-T1468	0	None	{'id': 'TS2', 'meaning': 'TODO', 'icon': 'clock-o', 'name': 'Incomplete', 'requires_comment': False, 'slug': 'TODO'}
31945-T1144	0	None	{'id': 'TS2', 'meaning': 'TODO', 'icon': 'clock-o', 'name': 'Incomplete', 'requires_comment': False, 'slug': 'TODO'}
31945-T3912	0	None	{'id': 'TS2', 'meaning': 'TODO', 'icon': 'clock-o', 'name': 'Incomplete', 'requires_comment': False, 'slug': 'TODO'}
31945-T2348	1	None	{'id': 'TS2', 'meaning': 'TODO', 'icon': 'clock-o', 'name': 'Incomplete', 'requires_comment': False, 'slug': 'TODO'}
31945-T3900	1	None	{'id': 'TS2', 'meaning': 'TODO', 'icon': 'clock-o', 'name': 'Incomplete', 'requires_comment': False, 'slug': 'TODO'}
31945-T338	0	None	{'id': 'TS2', 'meaning': 'TODO', 'icon': 'clock-o', 'name': 'Incomplete', 'requires_comment': False, 'slug': 'TODO'}
31945-T349	0	None	{'id': 'TS2', 'meaning': 'TODO', 'icon': 'clock-o', 'name': 'Incomplete', 'requires_comment': False, 'slug': 'TODO'}
31945-T4493	0	None	{'id': 'TS2', 'meaning': 'TODO', 'icon': 'clock-o', 'name': 'Incomplete', 'requires_comment': False, 'slug': 'TODO'}
31945-T3913	0	None	{'id': 'TS2', 'meaning': 'TODO', 'icon': 'clock-o', 'name': 'Incomplete', 'requires_comment': False, 'slug': 'TODO'}
31945-T4751	0	None	{'id': 'TS2', 'meaning': 'TODO', 'icon': 'clock-o', 'name': 'Incomplete', 'requires_comment': False, 'slug': 'TODO'}
31945-T2600	0	None	{'id': 'TS2', 'meaning': 'TODO', 'icon': 'clock-o', 'name': 'Incomplete', 'requires_comment': False, 'slug': 'TODO'}
31945-T3905	0	None	{'id': 'TS2', 'meaning': 'TODO', 'icon': 'clock-o', 'name': 'Incomplete', 'requires_comment': False, 'slug': 'TODO'}
31945-T3902	1	None	{'id': 'TS2', 'meaning': 'TODO', 'icon': 'clock-o', 'name': 'Incomplete', 'requires_comment': False, 'slug': 'TODO'}
31945-T3914	1	None	{'id': 'TS2', 'meaning': 'TODO', 'icon': 'clock-o', 'name': 'Incomplete', 'requires_comment': False, 'slug': 'TODO'}
31945-T186	0	None	{'id': 'TS2', 'meaning': 'TODO', 'icon': 'clock-o', 'name': 'Incomplete', 'requires_comment': False, 'slug': 'TODO'}
31945-T3910	0	None	{'id': 'TS2', 'meaning': 'TODO', 'icon': 'clock-o', 'name': 'Incomplete', 'requires_comment': False, 'slug': 'TODO'}
31945-T394	0	None	{'id': 'TS2', 'meaning': 'TODO', 'icon': 'clock-o', 'name': 'Incomplete', 'requires_comment': False, 'slug': 'TODO'}
31945-T184	0	None	{'id': 'TS2', 'meaning': 'TODO', 'icon': 'clock-o', 'name': 'Incomplete', 'requires_comment': False, 'slug': 'TODO'}
31945-T4460	0	None	{'id': 'TS2', 'meaning': 'TODO', 'icon': 'clock-o', 'name': 'Incomplete', 'requires_comment': False, 'slug': 'TODO'}
31945-T1539	0	None	{'id': 'TS2', 'meaning': 'TODO', 'icon': 'clock-o', 'name': 'Incomplete', 'requires_comment': False, 'slug': 'TODO'}
31945-T4464	0	None	{'id': 'TS2', 'meaning': 'TODO', 'icon': 'clock-o', 'name': 'Incomplete', 'requires_comment': False, 'slug': 'TODO'}
31945-T4494	0	None	{'id': 'TS2', 'meaning': 'TODO', 'icon': 'clock-o', 'name': 'Incomplete', 'requires_comment': False, 'slug': 'TODO'}
31945-T4455	1	None	{'id': 'TS2', 'meaning': 'TODO', 'icon': 'clock-o', 'name': 'Incomplete', 'requires_comment': False, 'slug': 'TODO'}
31945-T1917	1	None	{'id': 'TS2', 'meaning': 'TODO', 'icon': 'clock-o', 'name': 'Incomplete', 'requires_comment': False, 'slug': 'TODO'}
31945-T755	1	None	{'id': 'TS2', 'meaning': 'TODO', 'icon': 'clock-o', 'name': 'Incomplete', 'requires_comment': False, 'slug': 'TODO'}
31945-T3901	1	None	{'id': 'TS2', 'meaning': 'TODO', 'icon': 'clock-o', 'name': 'Incomplete', 'requires_comment': False, 'slug': 'TODO'}
31945-T4491	1	None	{'id': 'TS2', 'meaning': 'TODO', 'icon': 'clock-o', 'name': 'Incomplete', 'requires_comment': False, 'slug': 'TODO'}
